text,label
can i make a reservation for redrobin,accept reservations
is it possible to make a reservation at redrobin,accept reservations
does redrobin take reservations,accept reservations
are reservations taken at redrobin,accept reservations
does redrobin do reservations,accept reservations
can acero take reservation,accept reservations
can you make reservations at hodak's,accept reservations
tell me if per se in nyc takes reservations,accept reservations
tell me if the cheshire takes reservations,accept reservations
will qdoba take reservations,accept reservations
why is there a hold on my american saving bank account,account blocked
i am nost sure why my account is blocked,account blocked
why is there a hold on my capital one checking account,account blocked
i think my account is blocked but i do not know the reason,account blocked
can you tell me why is my bank account frozen,account blocked
why is there a hold on my edward jones account,account blocked
why am i locked out of my bank account,account blocked
why in the world am i locked out of my bank account,account blocked
what is the reason for frozen status on my bank account,account blocked
check for why is my bank account frozen,account blocked
wake me up at noon tomorrow,alarm
set my alarm for getting up,alarm
make sure my alarm is set for three thirty in the morning,alarm
please set an alarm for mid day,alarm
have an alarm set for three in the morning,alarm
you need to set alarm for me,alarm
i need you to set alarm for me,alarm
set the alarm for me,alarm
can you set alarm for me,alarm
please set alarm for me,alarm
when will my application for my credit card be processed,application status
has the discover card approved my app,application status
do you know if my amex card app went through,application status
have they looked over my app for the new credit card yet,application status
has my application for the mastercard card gone through,application status
have my app for a new card been processed yet,application status
has the application i put in for a new visa been processed,application status
has there been any notice that my card app has been looked at,application status
has visa gotten back to me regarding my card app,application status
see if my form submission for an american express card has been seen,application status
is the apr on my credit card good,apr
how good is the apr on my credit card,apr
do i have a good apr on my credit card,apr
does my credit card apr fall into a good range,apr
tell me how the apr on my hy-vee card is,apr
what's my apr on my discovery card,apr
what's an example of a good apr and what do i have,apr
how much is my apr on my bank of america card,apr
is my visa card's apr decent,apr
how good is the apr on my mastercard compared to others,apr
may i know if you are a real person or an ai,are you a bot
i need to know if you are a real person or an ai,are you a bot
i want to know if you are a real person or an ai,are you a bot
tell me if you are a real person or an ai,are you a bot
are your real or artificial,are you a bot
am i talking to a real person,are you a bot
am i speaking with someone real,are you a bot
would you consider yourself to be a bot,are you a bot
"i am not a bot, are you",are you a bot
do you think you are a bot,are you a bot
savings account balance at chase bank please,balance
check chase bank for my checking balance,balance
what is my checking account balance at chase,balance
i want my checking balance at chase,balance
what's my savings balance at chase,balance
do i have enough money in my chime bank account to take ashley to the movies tuesday,balance
check my visa account and see if i have enough money for dinner tonight,balance
is tehre enough in my bluebird account for groceries this week,balance
do i have enough in my sears account to buy a new dishwasher,balance
is there enough money in my discover account for a new pair of jeans,balance
the bill for water and electricity is how much,bill balance
what's my bill for water and electricity,bill balance
"for my water and electricity, how much is the bill",bill balance
how much is the bill for my water and electricity,bill balance
my water and electricity bill is how much,bill balance
what is the total amount that i owe to sony and verizon,bill balance
please tell me how much i owe sprint and how much i owe hsn,bill balance
tell me how much my verizon and comcast bill come to together,bill balance
how much in total do i need to pay cox and at&t,bill balance
please let me know how much my bills for comcast and sprint total,bill balance
when should i pay my bill by,bill due
when is my car insurance due,bill due
when's the gas bill due,bill due
when do i pay the utilities,bill due
do i pay my rent this week,bill due
i need to know when i must pay my car bill,bill due
how much is my water bill,bill due
is my bill due this week,bill due
how much time left to pay my bill,bill due
what day is my car insurance due,bill due
what's the cheapest fares from lax to sfo for round trip flights leaving april 1st and returning april 7th,book flight
"for the dates april 1st to the 7th, find me round trip air tickets from la to sfo",book flight
what southwest flights are there for lax to sfo arriving april 1st and returning april 7th,book flight
what airlines have flights round trip on april 1st to april 7th from lax to sfo,book flight
find me round trip flights out of lax to sfox,book flight
find me a flight from tijuana to guadalajara on volaris,book flight
i need a flight to be booked from san diego to boston through frontier,book flight
i want a flight booked from new york to san francisco with continental,book flight
get me a flight booked from houston to phoenix with american airlines,book flight
i want to fly southwest from dallas to phoenix,book flight
i need a bed in brownsburg near walmart from apil 4th until the 5th,book hotel
i need a room in indianapolis near the track from may 2nd through the 5th,book hotel
i need lodging in lizton near the ice cream parlor from may 3rd until the 8th,book hotel
need a place to crash in elizabeth near the refinery from june 4th until the 9th,book hotel
i need a place to stay in newark near a bodega from may 2nd through the 4th,book hotel
i want to book a hotel room for 10 people from monday to tuesday in manhattan,book hotel
is there a room big enough for 10 people from monday to tuesday in manhattan,book hotel
is it possible to book 10 people from monday to tuesday in manhattan,book hotel
i would like to reserve a hotel room that accomodates 10 people from monday to tuesday in manhattan,book hotel
i'm inquiring about the availability of a room that fits 10 people from monday to tuesday in manhattan,book hotel
what is 7 x 7,calculator
please add 456 and 781 for me,calculator
what is 8 factorial,calculator
can you tell me what 30% off 279 is,calculator
"can you tell me what 30% off 235 is, please",calculator
what is the sum of 3 plus 5,calculator
"could you tell me what 30% off 235 is, please",calculator
can you tell me what 30% off 235 is,calculator
"can you tell me what 30% off 279 is, please",calculator
what is the sum of 10 plus 5,calculator
does my calendar have anything for january 1st,calendar
what is there on january 1st on my calendar,calendar
are there any events on my calendar for january 1st,calendar
what do i have to do on january 1st,calendar
do i have anything scheduled on january 1st,calendar
what items do i have on my calendar for easter,calendar
"what do i have on my calendar today, the 3rd",calendar
"what've i got set for friday, the 13th, of next year",calendar
is my daughter's birthday on my calendar,calendar
did i had my wife and mine anniversary to my calendar,calendar
add my dentist appointment to the calendar,calendar update
add a vet appointment for 5 pm on saturday,calendar update
i need to edit this event out of my calendar,calendar update
please remove an event from this calendar,calendar update
i no longer want this event in my calendar,calendar update
delete that event from calendar,calendar update
make sure to add to my calendar the staff meeting for march 1 at 10 am,calendar update
add staff meeting to my calendar for march 1 at 10:00 in the morning,calendar update
i want you to add staff meeting to my calendar for march 1 at 10:00 am,calendar update
"please add to my calendar for the staff meeting that is scheduled on march 1, 2019 at 10 am",calendar update
can you provide me the calories in the smoothie,calories
can you tell me the calories for the cheeseburger,calories
i'd like the calories for this chicken breast,calories
how many calories in this slice of pizza,calories
what about the calories for this chicken salad,calories
how many calories are in a large fry,calories
a large french fry has how many calories,calories
what is the calorie content of a scoop of chocolate ice cream,calories
how many calories in scoop of chocolate ice cream,calories
tell me how many calories in a medium size apple,calories
"please cancel what you are doing, i've changed my mind",cancel
"never mind, cancel that",cancel
"stop working on it, i need something else",cancel
"cancel my last request, i know the answer",cancel
"forget it, i do not need it anymore",cancel
pause,cancel
cancel that last thing,cancel
silence,cancel
quit,cancel
mute,cancel
remove my reservation at outback for timmy,cancel reservation
can you cancel the reservation for kyle's party at red lobster,cancel reservation
cancel my party reservation for brad at longhorn,cancel reservation
get rid of my reservation at chez francois for jennifer,cancel reservation
cancel the reservation at olive garden for tommy,cancel reservation
you can cancel my reservation,cancel reservation
my reservation is no longer needed,cancel reservation
tell the restaurant i cannot make it,cancel reservation
there is no need to confirm my reservation,cancel reservation
would you please cancel the reservations for dinner,cancel reservation
i want to reserve a convertible from july 2nd through july 18th for los angeles,car rental
i'd like to rent a vehicle from nov 1st to nov 15th in san antonio and i need a 15 passenger van,car rental
"i want to rent the cheapest car for charlottesville, virginia for march 7th through 10th, that's monday, tuesday, wednesday and thursday",car rental
i'd like to reserve a high-end car that seats 5 comfortably for april 12th through 18th for st louis missouri,car rental
"i need a van that seats 8 or more for new york city, august 12th, 13th, and 14th",car rental
a rental car needs to be booked in nashville,car rental
book me a car rental in nashville,car rental
please help me book a rental car for nashville,car rental
i need you to get me a rental car in nashville,car rental
"in nashville, i need a rental car booked",car rental
why did my card not get accepted,card declined
why did my card not get accepted there,card declined
please tell me why did my card not get accepted,card declined
why did my card not get accepted please,card declined
why did my card not get accepted then,card declined
find out why my card was declined,card declined
please tell me why my card was declined,card declined
for what reason did my card get declined,card declined
can you tell me why my card was declined,card declined
i need to know why my card was declined,card declined
"if i fly american to los angeles, how many carry ons am i allowed",carry on
how many carry ons will american let me take for a flight to los vegas,carry on
"if i take a flight on pan am to denver, how many carry ons are included",carry on
"if i fly on virgin to chicago, how many carry ons can i take",carry on
how my carry ons does spirit airlines allow me for a flight to dallas,carry on
would you let me know how many carry ons i can take on a flight with southwest airlines to miami,carry on
i need to know the carry-on restrictions for united airlines,carry on
tell me the carry-on restrictions for united airlines,carry on
i need to know how many carry ons i can take on a flight with southwest airlines to houston,carry on
let me know how many carry ons i can take on a flight with southwest airlines to dallas,carry on
use a different accent,change accent
try using a different accent,change accent
speak in a different accent,change accent
change the accent you're speaking in,change accent
could you change the accent you're using,change accent
would you change your accent to the male british one,change accent
i want your accent changed to the male british one,change accent
i need for you to change your accent to the male british one,change accent
would you please get your accent changed to the male british one,change accent
try it with a male voice,change accent
rename yourself to betty,change ai name
can i call you betty,change ai name
rename bob to betty,change ai name
is there a way to change your name to betty,change ai name
i will call you zander,change ai name
please change the name of you to tim,change ai name
can you change the name of what you respond to,change ai name
change the name of your system,change ai name
make changes to the name of the ai,change ai name
revise the ai name,change ai name
adjust your language setting to english,change language
change and set your language setting to english,change language
set your language setting to english,change language
make your preferred language english,change language
"i would like to have language set to spanish, please",change language
please give me your responses only in french from now on,change language
can we speak in english rather than zulu,change language
i would like to change your language from portuguese to italian,change language
change the response language to french please,change language
what languages can i switch to for your responses,change language
can you slow your speaking down,change speed
slow down your talking too fast i don't understand you,change speed
you're talking too fast i need you to slow it down,change speed
"you're speaking too fast, slow down",change speed
can you speak slower please,change speed
can you please speed up your speech settings,change speed
i want you to adjust your speaking to be faster,change speed
can you speak faster please,change speed
i want you to speak to me faster,change speed
decrease the speed of your speech please,change speed
please change the name you refer to me by,change user name
how do i change the name you use to address me,change user name
is there a way i can change the name you use to address me,change user name
i need to change my name to something else for you to call me,change user name
can i have you call me something else,change user name
i go by brad,change user name
usually people refer to me as brad,change user name
i prefer to go by brad,change user name
people call me brad,change user name
my name is brad,change user name
raise the volume to 4 please,change volume
please set the volume to 4,change volume
please increase the volume to 4,change volume
please raise the volume to 4,change volume
set the volume to 4 please,change volume
bring the volume up overall,change volume
make the volume louder,change volume
bring the sound up,change volume
turn your speakers up,change volume
make the speakers louder,change volume
verify that i have reservations at chilis for john doe,confirm reservation
can you check my reservations for mortons under david winters,confirm reservation
can you check for reservations at wongs chinese for john acer,confirm reservation
check and confirm reservations at ruth chris for carol lee,confirm reservation
verify that my reservations at won wons for joe lee are good,confirm reservation
check on my reservation for umami at 6pm,confirm reservation
"confirm a reservation for nicole brown at diangelo's at 6:45 pm, please",confirm reservation
i need you to confirm that there is a reservation under the name david kramer for 7:00 pm at pietro's,confirm reservation
"i would like to confirm my 7:30 pm reservation at morton's steakhouse, under michael james",confirm reservation
can you please confirm that i have a 6:00 pm table reserved under michelle solomon at devon's,confirm reservation
how long will the turkey take to cook,cook time
so how long do you think the chicken will take,cook time
how long does pizza take to cook,cook time
how long is the chicken gonna take,cook time
how long will the chicken take to cook,cook time
how long does it take to cook roast beef,cook time
how long does it take to boil an egg,cook time
how long does it take to bake a pork loin,cook time
how long does it take to make roast chicken,cook time
how long does it take to cook a pork chop,cook time
how high is my credit limit for my old navy card,credit limit
how high is my credit limit for my target card,credit limit
what is the credit limit for my usaa card,credit limit
how high is my credit limit for my childrens place card,credit limit
how high is my credit limit for my walmart card,credit limit
what is the credit limit for my bank of the west card,credit limit
what is the credit limit for my chase card,credit limit
how high is my credit limit for my navy federal card,credit limit
what is the credit limit for my navy federal card,credit limit
what is the credit limit for my bank of america card,credit limit
can you see if i can get a higher limit on my discovery card,credit limit change
can my credit limit on my discovery card go up,credit limit change
may i have a higher limit on my mastercard,credit limit change
can i get a higher credit limit on my amex card,credit limit change
is there a way to get a larger limit on my bank of america card,credit limit change
what's the possibility of getting a credit limit increase on my visa,credit limit change
is it possible to increase my credit limit to 1000 dollars,credit limit change
is it possible to have a higher limit on my visa,credit limit change
can i get a higher limit on my american express card,credit limit change
i'd like to increase my credit spending limit to 500 dollars,credit limit change
how do i look up my credit score,credit score
please look up my credit score,credit score
can you figure out how to find my credit score,credit score
are you able to lookup my credit rating,credit score
how can i find my credit rating,credit score
where can i check my credit rating,credit score
say my credit score,credit score
give me my credit score,credit score
i want my credit score,credit score
inform me of my credit score,credit score
check maps for my location,current location
"i'm lost, can you tell me where i am",current location
how can i go about finding my location right now,current location
please tell me my location using gps,current location
where exactly am i,current location
what's my location,current location
is there a way to get my current location,current location
what's the precise coordinates of this place,current location
where am i right this moment,current location
use the map and pinpoint my position,current location
let my credit card company know that my card split in half,damaged card
how do you report a burned debit card,damaged card
"my card split in half, how do i report it",damaged card
report my burned card to the company,damaged card
what do i say when i report a split credit card,damaged card
my card was damaged by my cat; can i report that,damaged card
i dropped my card in my gasoline and the printing wore off,damaged card
i need to report that my dog chewed up my card,damaged card
it seems i can't use my card since it has been damaged,damaged card
"unfortunately, my card is damaged and unusable",damaged card
i would like to know what today's date is,date
i need information on today's date,date
tell me what date it is please,date
tell me what day today is,date
can you tell me tomorrow's date,date
what is the date for tomorrow,date
i would like to know tomorrow's date,date
what is the month and day tomorrow,date
"in six days, what will it be",date
what day will it be in fourteen days,date
what is the meaning of realism,definition
what is regard mean,definition
what is the meaning of interorganizational,definition
what is it is all relative mean,definition
what is intercontinental mean,definition
what is the meaning of supercede,definition
what is let it be mean,definition
what is the definition of incomprehensible,definition
what is the meaning of stupendous,definition
what is the definition of intelligent,definition
do a websearch for direct deposit set up,direct deposit
search google for how to set up direct deposit,direct deposit
info on setting up direct deposit,direct deposit
info on direct deposit set-up,direct deposit
tell me how to get my paycheck on direct deposit,direct deposit
what are the steps for setting up direct deposit for my paycheck,direct deposit
give me instructions to set up direct deposit for my paycheck,direct deposit
"i want to set up direct deposit for my paycheck, what do i need to do",direct deposit
how do i set up direct deposit for my paycheck,direct deposit
i'd really like to set up a direct deposit for my paycheck,direct deposit
"i'm at home, so where is the closest starbucks",directions
what's the distance between home and the closest starbucks,directions
is there a starbucks close to home,directions
direct me to the closest starbucks near home,directions
does home have a starbucks nearby,directions
how do i get to the beach by bus,directions
how do i get to the park on foot,directions
how do i get to the train on foot,directions
how do i get to the mall by bus,directions
how to i get to the mall on foot,directions
"estimated time to airport from current location, la",distance
how long to get to the airport in la,distance
how early should i leave to the airport in la,distance
does it take a long time to get to the airport in la,distance
is the ride short to the airport in la,distance
how long's it take to get to the panera downtown,distance
how long will it take to drive to the kroger in westwood,distance
how long will it take to walk to the safeway in the strip mall,distance
how long will it take me to get to the mcdonald's in the city,distance
how long will it take me to drive to the park in west county,distance
what type of pet do you have,do you have pets
share some information about your pets with me,do you have pets
do you have any type of pet,do you have pets
do you own pets,do you have pets
what are the pets that you have in your possession,do you have pets
describe your types of pets,do you have pets
how would you explain the pets you own,do you have pets
what are the pet types you own,do you have pets
do you have any pet animals,do you have pets
any pets in your household,do you have pets
how many pesos can i get for one dollar,exchange rate
what is the current going rate for exchanging dollars for pesos,exchange rate
tell me the exchange rate between dollars and pesos,exchange rate
let me know what the exchange rate between dollars and pesos is,exchange rate
what's the exchange rate between dollars and pesos,exchange rate
whats dollars won in 15,exchange rate
what's dollars yen in 10,exchange rate
whats pesos australian dollars in 20,exchange rate
whats rupees dollars in 30,exchange rate
whats euros kroner in 25,exchange rate
how long til my visa card expires,expiration date
on what date does my visa card expires,expiration date
on what month and year does my card expire,expiration date
how soon does my visa card expire,expiration date
how much time do i have before my credit card expires,expiration date
how many more days before my credit card expires,expiration date
can you tell me if my credit card expires in the near future,expiration date
what is the validity of my credit card,expiration date
tell me the expiry date of my credit card,expiration date
does my credit card expire soon,expiration date
i need help finding my mobile phone,find phone
help me figure out where my cell phone is,find phone
give me a hand finding my mobile device,find phone
i can't find my cell and need help locating it,find phone
can you help me find my cell,find phone
"help, i cannot find my phone",find phone
i can't seem to find my phone,find phone
are you able to track a phone,find phone
my phone cannot be found,find phone
i have misplaced my phone,find phone
what is the projected time frame for the flight to land,flight status
is there any news on flight dl123,flight status
what is the word on flight dl123,flight status
when will we begin to board my scheduled flight,flight status
whats the status of my frontier flight,flight status
when will my flight take off,flight status
what is the arrival time for my flight,flight status
whats the status of my delta flight,flight status
whats the update on flight dl123,flight status
is there an update on flight dl123,flight status
please flip a coin and tell me what side it lands on,flip coin
will you flip a coin so i can make a choice,flip coin
flip a two sided coin and tell me what it lands on,flip coin
i need you to flip a coin so i can decide,flip coin
begin the coin flip now,flip coin
i want you to help me make a decision by flipping a coin,flip coin
"please flip a coin, and i call heads",flip coin
"flip a coin and let me know if it lands on heads or tails, please",flip coin
i want you to flip a fair sided coin,flip coin
are you able to flip a two sided coin,flip coin
jello should stay in the fridge for how long,food last
when will my milk be no good,food last
when will my eggs go bad,food last
how long will my eggs be good for,food last
what date does my apple juice expire,food last
how long until my cereal is ruined,food last
what's the max time i can leave a green pepper in the fridge,food last
what's the time frame for hamburger stored in the freezer to go bad,food last
how long can i keep deer meat in the freezer before it's unedible,food last
has the leftover hamburger from last saturday gone bad,food last
can you block my chase account right away please,freeze account
i want my chase account blocked immediately,freeze account
i need you to block my chase account immediately,freeze account
can you put a block on my chase account right away,freeze account
please block my chase account right away,freeze account
what do i do to freeze my account,freeze account
place a hold on my bank account,freeze account
how can i stop transactions on my account,freeze account
freeze my account immediately,freeze account
block my monkey market right now,freeze account
lets hear an interesting fact about funko pops,fun fact
know any interesting facts,fun fact
what is one fun fact,fun fact
tell me a fact,fun fact
lets hear a fact,fun fact
any unique trivia about beats headphones,fun fact
tell me a fact i may not know,fun fact
what is one thing i might not know about nike shoes,fun fact
tell me something interesting about sperm whales,fun fact
i want to know a fun fact about pluto,fun fact
what level is my gas tank at,gas
where's the gas tank level at,gas
how does my gas tank look,gas
what line is the gas tank at,gas
how much gas is in my gas tank,gas
how much gas is left,gas
what is the amount of gas i have,gas
tell me the amount of gas i have,gas
in my tank how much gas is there,gas
i'd like to know how much gas is left,gas
what kind of gasoline can this car take,gas type
is there a certain type of gas i need to use,gas type
i need to know what kind of gas i can use on this car,gas type
is any type of gas ok on this car,gas type
is there a certain type of gas i need to use for this car,gas type
i want to know the type of gasoline for this car,gas type
tell me the gas type for that car,gas type
tell me what type of gas this car uses,gas type
tell me what kind of gas this car uses,gas type
what type of fuel does my car need,gas type
"syonara, ai device!",goodbye
"goodbye, helpful ai device!",goodbye
bye-bye,goodbye
"goodbye, ai assistant",goodbye
glad we got to talk,goodbye
i'm glad i got to talk to you,goodbye
nice to speak with you,goodbye
this was a great conversation,goodbye
talk to you later,goodbye
tata for now,goodbye
how's everything,greeting
how are things going,greeting
"hello, anyone there",greeting
are you okay right now,greeting
are you doing okay,greeting
how's it going right now,greeting
ahoy hoy,greeting
hey there!,greeting
how is everything with you,greeting
hey hey!,greeting
do you know how long of a wait it will be,how busy
how long is the restaurant line before we go,how busy
how long will it take to get seated at needham's,how busy
how long will the wait be at noon if we went to nagomi,how busy
will i have to wait for long before being seated at the cheese cake factory,how busy
how long should i expect to wait at the cheesecake factory before getting seated,how busy
what is the average wait time at the cheese cake factory,how busy
how long will i have to wait before being seated at the cheese cake factory,how busy
how long will the wait time be at the cheese cake factory,how busy
how long will i have to wait if i want to eat at panera,how busy
what is your birthday again,how old are you
how many years on the earth,how old are you
what year were you born,how old are you
how many days old are you,how old are you
when were you created,how old are you
what date were you created on,how old are you
when did you come to exist,how old are you
how many years do you have,how old are you
i'd like to know how old you are,how old are you
can you tell me how old you are,how old are you
what steps should i take to improve my credit score,improve credit score
give me a recommendation to improve my credit score,improve credit score
what can i do to raise my credit score,improve credit score
steps to raise my credit score,improve credit score
is there a quick way to improve my credit score,improve credit score
what are ways to improve my credit,improve credit score
how to keep my credit score from going down,improve credit score
what are some ways to increase my credit,improve credit score
what can i do to keep my score from dropping,improve credit score
how do i build my credit score,improve credit score
can you tell me what my total income is for the pay period,income
please give me my salary figure,income
i need you to tell me my salary,income
what is my gross income per pay period,income
what is my total annual income,income
how much did i earn in income only last year,income
what is my salary right now,income
what is my pay for this year,income
i would like to know what my salary is at this time,income
i need details on my income,income
what about changing the sugar for baking soda,ingredient substitution
can i swap sugar for salt,ingredient substitution
would it be possible to replace the salt with baking soda,ingredient substitution
"instead of pepper, can i use salt",ingredient substitution
can i take out the olive oil and use lard,ingredient substitution
can i use water instead of milk,ingredient substitution
it is okay to use water in place of milk,ingredient substitution
it is okay to replace water instead of milk,ingredient substitution
is it okay to switch water for milk,ingredient substitution
will it be okay if i use water instead of milk,ingredient substitution
what do you put in chicken noodle casserole,ingredients list
what goes into chicken noodle casserole,ingredients list
what do i need to make chicken noodle casserole,ingredients list
how do you make chicken noodle casserole,ingredients list
chicken noodle casserole is made from what,ingredients list
tell me what ingredients i will need to make this meal,ingredients list
what are the ingredients of spaghetti,ingredients list
what ingredients are present in marshmallows,ingredients list
tell me the ingredients in pizza,ingredients list
what ingredients are found in hunan chicken,ingredients list
what do my health benefits consist of,insurance
what health benefits are available to me,insurance
what health benefits can i use,insurance
what are the health benefits i have,insurance
what health benefits do i have,insurance
i need to know my health benefits,insurance
what is my health plan,insurance
what's the name of my medical coverage,insurance
i need to know more about my health plan,insurance
are my health benefits good,insurance
how to create a new aaa insurance plan,insurance change
website to start aaa new insurance plan,insurance change
aaa insurance start new plan,insurance change
i want to start a new aaa insurance plan,insurance change
is new this a good insurance plan for me,insurance change
what do i do to get new insurance,insurance change
new insurance is obtainable how,insurance change
how is new insurance gotten,insurance change
what do i do for new insurance,insurance change
"how do i get new insurance, please",insurance change
i want to know my interest rate,interest rate
tell me my interest rate,interest rate
what interest rate am i paying,interest rate
my interest rate please,interest rate
how do i know the interest rate for my signature account,interest rate
how can i figure out my interest rate for my umpqua account,interest rate
how can i find my interest rate for my alliance account,interest rate
how can i figure out the interest rate for my columbia account,interest rate
how can i find the interest rate for my red river account,interest rate
what is the rate of interest on my savings account,interest rate
are there any transaction fees associated with my chase card if i am in tokyo,international fees
does my usaa card have international transaction fees,international fees
does my bank of the west card have international transaction fees,international fees
are there any transaction fees associated with my usaa card if i am in india,international fees
does my navy federal card have international transaction fees,international fees
does my chase card have international transaction fees,international fees
are there any transaction fees associated with my navy federal card if i am in germany,international fees
are there any transaction fees associated with my usaa card if i am in south korea,international fees
does my bank of america card have international transaction fees,international fees
are there any transaction fees associated with my navy federal card if i am in japan,international fees
"to visit cambodia, do i need an international visa",international visa
do i need to get a visa to visit canada,international visa
will i need a visa to visit ireland,international visa
will i need a travel visa to go to canary islands,international visa
i want to visit portugal do i need a travel visa,international visa
i want to see paris will i need an international visa,international visa
"for travel to argentina, do i need to get a travel visa",international visa
will i have to apply for a visa if i want to visit mexico,international visa
to vacation to tel aviv do i need a travel visa,international visa
do i need to obtain a travel visa to go on vacation to places in eastern europe,international visa
what do i do if my car battery is dead,jump start
show me the way to jump start a battery,jump start
how can i replace my car battery,jump start
tell me how to jump start a battery,jump start
what can i do since my car battery died,jump start
"my battery died in my car, how can i jump start a battery",jump start
whats the best way to jump start a battery,jump start
how do i jump start a battery,jump start
"my car battery died, what should i do",jump start
how do i fix a dead car battery,jump start
tell me when my car last had its oil changed,last maintenance
when did i last do maintenance on my car,last maintenance
when did i last take my car in for maintenance,last maintenance
can you find the date of my last oil change,last maintenance
when did i last bring my car in to have it looked at,last maintenance
find the date of the last oil swap for my car,last maintenance
what was the date when i last had my car inspected,last maintenance
how long's it been since my car was at autozone,last maintenance
what's the amount of time since having my car given a once over by a mechanic,last maintenance
when did i last have my vehicle checked on,last maintenance
locate lost luggage from flight america airlines in o'hare,lost luggage
on flight america airlines in o'hare lost luggage,lost luggage
in o'hare lost luggage on flight america airlines,lost luggage
lost luggage on flight america airlines in o'hare,lost luggage
while on flight america airlines i lost luggage in o'hare,lost luggage
it seems my luggage was lost,lost luggage
my luggage was lost so what do i do,lost luggage
my luggage is missing i was on spirit flight ab123 from chicago,lost luggage
i think my luggage has been lost,lost luggage
i think my luggage was misplaced or has been lost,lost luggage
place a phone call to yiming,make call
phone lobby,make call
can you call dominos pizza,make call
can you redial the last number dialed,make call
call 911,make call
can you call a taxi,make call
can you call mom,make call
call work,make call
call justin,make call
call home,make call
i don't know the answer,maybe
i'm unsure,maybe
shit if i know,maybe
no idea,maybe
hell if i know,maybe
either or should work,maybe
i dont know,maybe
both would work,maybe
it could be one or the other,maybe
i dont have an answer for that,maybe
can you give me a french dinner suggestion,meal suggestion
"suggest a meal from laos to me, please",meal suggestion
can you give me a vietnamese meal suggestion,meal suggestion
suggest a meal from burma to me,meal suggestion
can you give me a vietnamese dinner suggestion,meal suggestion
"suggest a meal from thailand to me, please",meal suggestion
"can you give me a thai meal suggestion, please",meal suggestion
"can you give me a vietnamese meal suggestion, please",meal suggestion
"can you give me a burmese meal suggestion, please",meal suggestion
"suggest a meal from burma to me, please",meal suggestion
does life have meaning,meaning of life
is being alive the meaning of life,meaning of life
what is the real meaning of life,meaning of life
what is the answer to the meaning of life,meaning of life
is there really an answer to the meaning of life,meaning of life
does life have a meaning,meaning of life
who can tell me if there's any meaning to life,meaning of life
what makes life have any meaning,meaning of life
why do you think we're here,meaning of life
what's the answer to existence,meaning of life
how many centimeters are in an inch,measurement conversion
whats 5 feet in inches,measurement conversion
what's 32 degrees fahrenheit in celsisus,measurement conversion
what amount of millimeters are in 50 kilometers,measurement conversion
how many crows are in 10 murders,measurement conversion
what amount of miles are in a hundred kilometers,measurement conversion
how many weeks are in 3 months,measurement conversion
how many meters are in 50 feet,measurement conversion
what's 8 ounces in cups,measurement conversion
how many kilos are in 150 pounds,measurement conversion
when is today's meeting with john,meeting schedule
when is my meeting with dan scheduled for,meeting schedule
when is the meeting with homer scheduled for,meeting schedule
do i have any meetings with stan today,meeting schedule
how many meetings do i have scheduled between 10 and 3,meeting schedule
on what day is my meeting with dr lee,meeting schedule
tell me how many meetings with pete i have for today,meeting schedule
about how many meetings am i attending between 12 and 3 today,meeting schedule
how many total meetings will i have between 2 and 5,meeting schedule
can you tell me what time i am meeting with sarah today,meeting schedule
what's the minimum i owe on the car payment,min payment
what's the least amount i need to pay on the electric bill,min payment
what's the smallest amount i can pay on the water bill,min payment
what's the minimum amount for my electric bill,min payment
what's the least i can pay on the medical payments for february,min payment
how much can i get away with paying for my college loan,min payment
what's the minimum required payment on my visa card,min payment
i want to know my bill's minimum payment,min payment
what is my bill's minimum payment,min payment
minimum payment of my bill please,min payment
what kind of mileage do i get out of gas,mpg
what's the fuel economy of my car,mpg
how many miles per gallon do i get in my car,mpg
tell me my car's fuel economy,mpg
what kind of gas mileage do i get,mpg
what gas mileage does my car get,mpg
"in my car, what's the fuel economy",mpg
how many miles per gallon do i get,mpg
what's my car's gas mileage,mpg
how many miles per gallon does my car get,mpg
how can i apply for a discover card,new card
can i apply for a discover card,new card
how do applications for discover cards work,new card
is this how i apply for a discover card,new card
what does it take to get a new card,new card
how do i sign up for a new credit card,new card
can i complete an application for a new credit card,new card
is it possible to get a new credit card,new card
please show me how to apply for a visa card,new card
i need to apply for a visa card,new card
"when is the upcoming holiday, please",next holiday
when is the upcoming holiday,next holiday
what day is our next free day,next holiday
when is the next scheduled holiday,next holiday
"when is the next scheduled holiday, please",next holiday
when is our next free day,next holiday
"when is our next free day, please",next holiday
"what day is our next free day, please",next holiday
"what day is our next free day on the calendar, please",next holiday
"when is the next holiday, please",next holiday
go past this song,next song
put on the next song,next song
please play the next song,next song
go forward to the next song on the playlist,next song
change the song to the next one,next song
go to the next song on the playlist,next song
go to my next song,next song
skip this song,next song
can you skip this song,next song
pass this song,next song
"no, that's incorrect",no
that's not true,no
"that is not true, it's false",no
no way,no
not really,no
naw,no
nay,no
i must say no,no
i think not,no
that is actually false,no
what's the nutritional info for spaghetti,nutrition info
what's the nutritional info for pizza,nutrition info
how healthy are potato skins,nutrition info
how healthy is spaghetti,nutrition info
share the nutrition info for brownies with me,nutrition info
share the nutrition info for french fries with me,nutrition info
what's the nutritional info for potato skins,nutrition info
what's the nutritional info for lasagna,nutrition info
how healthy are french fries,nutrition info
share the nutrition info for spaghetti with me,nutrition info
how do i change a car's oil,oil change how
can you find instructions on how to change oil in a car,oil change how
what do i need to change my oil,oil change how
how do i change the oil in a car,oil change how
how do i change the oil in my passat,oil change how
please tell me how to change the oil in my car,oil change how
tell me how to change the oil in 2014 odyssey,oil change how
find instructions for how to change the oil in a 2015 passat,oil change how
give me instructions for changing the oil in a 2015 passat,oil change how
do i need to go under the car to change oil,oil change how
when should i change my car oil,oil change when
do i need to change my oil,oil change when
how often do you have to change your oil,oil change when
how do i know when i have to change my oil,oil change when
when do i need to change my oil,oil change when
when am i due for an oil change,oil change when
how long before i neet to get my oil changed,oil change when
at how many miles am i required to get my oil changed,oil change when
when should my oil get changed,oil change when
when do i need you change my oil,oil change when
can you please order me more plastic bags,order
"i need you to order some more lysol for me,please",order
"i need some more lysol, could you order me some",order
i'm out of lysol could you order me some,order
could you please reorder me some lysol,order
will you order me some more lysol spray,order
order everything that's on my list for shopping,order
i want my entire shopping list ordered,order
i want to buy something,order
get my entire shopping list ordered,order
what is the process to get some more checkbooks mailed to me,order checks
how do i get more checkbooks mailed to me,order checks
if i need more checkbooks maild to me what should i do,order checks
can you mail more checkbooks to me please,order checks
can you explain to me how to get some more checkbooks mailed to me,order checks
can i get more checks,order checks
order more checks,order checks
i don't have any checks left; please order some,order checks
i need new checks,order checks
"can you order me more checks, please",order checks
can you find my package in transit,order status
track my package please,order status
help me find my package,order status
i need to track my package,order status
what's going on with my order,order status
can you see where my package is,order status
do you know anything about the status of my order,order status
can you check if my order has been delivered,order status
are you able to figure out where my package is,order status
order status,order status
"i want to pay my bill, please",pay bill
pay my water bill with my charles schwab account,pay bill
i'd like to pay my bill,pay bill
pay my internet bill with my discover account,pay bill
can you help me pay a bill,pay bill
i need to pay my bill,pay bill
can i pay a bill,pay bill
use my capital one account to pay for my gas bill,pay bill
pay my electric bill from my amex account,pay bill
i want to pay my house bill,pay bill
on what date do i get paid,payday
what day do i get my paycheck,payday
i need to know when to expect my next paycheck,payday
tell me when my next paycheck will arrive,payday
what date do i get my next paycheck,payday
when will i be getting my next paycheck,payday
when's the the last time i was paid,payday
what date did i receive my last paycheck,payday
when was my last payday,payday
when was my last paycheck,payday
how do i change my pin for number for my abc bank account,pin change
what do i need to do to change my abc bank account pin number,pin change
i have no idea what the pin is for my checking account,pin change
i cannot recall the pin for my savings account,pin change
i forgot the pin number for my college fund account,pin change
set up a new pin number on my college fund account and make it be 1234,pin change
i want 1234 to be the new pin number for my joint account,pin change
please change my checking account pin to 1234,pin change
i need to set up a new pin number for my college fund account,pin change
i want my savings account pin to be 1234 from now on,pin change
can i get some music by three six mafia in here,play music
what does x’s music sound like,play music
may i hear some music by fleet foxes,play music
can i hear some music by cloud control,play music
can x’s music be played,play music
play some music for me,play music
i'd like to hear my workout playlist,play music
put on my jam session playlist please,play music
can i hear my smooth jazz playlist,play music
play a song for me,play music
do i need a socket converter if i'm going to mexico,plug type
does england have a different plug type and if so what is it,plug type
is there a conversion plug if you travel to australia,plug type
what kind of plug type do they use in russia,plug type
what type of plug do i need to bring if i visit japan,plug type
what type of plug do they use in mexico,plug type
"when you go to germany, do you need a special converter for your plugs",plug type
do visitors to japan need to use a socket converter,plug type
do you need a special outlet converter in sweden,plug type
do i need a power adapter in mexico,plug type
what is my vacation schedule look like,pto balance
can you explain to me what type of vacation days i have still,pto balance
what type of vacation schedule do i have left,pto balance
can i get vacation day totals i have left,pto balance
"how many vacation days do i have saved up, please",pto balance
how many vacation days do i have remaining,pto balance
how many vacation days do i have saved up,pto balance
"how many vacation days do i have remaining, please",pto balance
how many vacation days do i have left,pto balance
how many vacation days do i still have,pto balance
how do i put in a pto request for the first to the ninth,pto request
am i allowed to put in a pto request for now to april,pto request
is there a time i can put in a pto request for dec 2 to new years,pto request
when can i put a pto request in for feb 22 to march 1,pto request
i need a pto request on march 1 to 2,pto request
on march 1-2 i want a pto request made for me,pto request
schedule a pto request for me on march 1-2,pto request
for march 1 to 2 make a pto request for me,pto request
i want to schedule a pto request on march 1-2,pto request
"between october 7th and october 10th, i'd like for there to be a pto request for me",pto request
have they approved my vacation request yet,pto request status
give me the status of my vacation request,pto request status
am i going to be able to get my vacation request,pto request status
i want to check on my vacation request,pto request status
is my vacation approved yet,pto request status
"my vacation, has it been approved yet",pto request status
have i been approved for vacation yet,pto request status
am i approved for vacation yet,pto request status
did they approve my day off request,pto request status
is my day off approved,pto request status
have i used half of my days off yet,pto used
"go to my job portal, i'd like to know how many days off i have used",pto used
what amount of days off have i already utilized,pto used
call hr so i can figure out how many days off i've taken,pto used
how many times have i taken off from work this year,pto used
about how many vacation days have i taken,pto used
count how many sick days i've used,pto used
can you check how much pto i have already used,pto used
tell me the exact amount of pto i have used,pto used
my pto used so far is what right now,pto used
whats the best way to roast a chicken,recipe
how do i make pie crust,recipe
find a recipe for german chocolate cake,recipe
how do i fry pork chops,recipe
how do i cook boiled eggs,recipe
"find a chow mein recipe for me, please",recipe
do you know how to make chow mein,recipe
can you find a recipe on how to make chow mein,recipe
tell me how to make chow mein,recipe
i would like you to help me find a chow mein recipe,recipe
i am ready now to cash in on the many credit card points i have saved up,redeem rewards
i have credit card points but don't know how to use them,redeem rewards
walk me through the best ways to use my credit card points,redeem rewards
i am ready now to use some of the credit card points i have saved,redeem rewards
i want to hear more about how i can use my credit card points,redeem rewards
how can i cash in the rewards i earned with my visa card,redeem rewards
walk me through the process of cashing in on credit card points,redeem rewards
i would like to use my credit card points,redeem rewards
do i have enough credit card points to redeem a new appliance,redeem rewards
i would love to redeem some smart speakers with my credit card points,redeem rewards
tell me my reminders,reminder
tell me my current reminders list,reminder
please read my reminders,reminder
will you repeat my reminder list,reminder
check my reminders for mop and floor,reminder
read my reminder list to me,reminder
is mop the floor already in my reminders,reminder
read back the reminder list,reminder
what's on the reminder list,reminder
read my reminders to me,reminder
remind me to call my mother saturday morning,reminder update
please set up a reminder i need to remember to ask about work,reminder update
make a reminder for me to do my resume,reminder update
remind me to take out the garbage in the morning,reminder update
"the next time it rains, remind me to close the windows",reminder update
could you make me a reminder to do the floors,reminder update
i need a reminder set for signing up for the conference,reminder update
set a reminder for me to call my brother at 8 pm,reminder update
make me a reminder about booking it,reminder update
"at 4 tomorrow afternoon, remind me to start the oven",reminder update
i didn't hear you please repeat,repeat
please repeat,repeat
i want you to repeat that,repeat
one more time please,repeat
i need you to repeat that,repeat
i need you to please repeat that,repeat
one more time for me please,repeat
i would like that repeated,repeat
just another time please,repeat
say it again please,repeat
tell me about today weather,replacement card duration
can my debit card be replaced quickly,replacement card duration
how long does visa take to get me a new card,replacement card duration
is my card made immedietly after reporting stolen,replacement card duration
can i replace a stolen card soon,replacement card duration
how long to replace a credit card,replacement card duration
how soon until you send me replacement card,replacement card duration
when will you mail me a replacement card,replacement card duration
how long until you send me a replacement card,replacement card duration
when will you send me a replacement card,replacement card duration
i'm afraid this charge on my account is fraud,report fraud
i think there's fraud on my account,report fraud
i think i have fraud on my account from walmart,report fraud
there's been some fraudulent activity on my card,report fraud
i'm pretty sure this charge from sam's club is fraudulent,report fraud
i'm pretty sure this charge is fraudulent,report fraud
i need to report some fraudulent card activity,report fraud
there are some questionable charges on my card,report fraud
i think there's a fraudulent transaction on my account,report fraud
there's a shady charge from comcast on my account,report fraud
immediately the credit card company must be told that i lost my card from them,report lost card
i lost my debit card and need it reported as lost,report lost card
i can't seem to find my gold card and want it reported as lost,report lost card
i lost my chase bank card and want it labeled as lost,report lost card
can you report my td bank card as lost,report lost card
i misplaced my visa and need it marked as lost,report lost card
what do i do if my visa card got stolen,report lost card
what should i do when my visa card is stolen,report lost card
my visa card was stolen,report lost card
my visa card got stolen,report lost card
make the settings go back to the original,reset settings
go back the the settings you had originally,reset settings
change settings to how they were originally,reset settings
go back to your original settings,reset settings
reset the factory settings,reset settings
reset the factory settings please,reset settings
reset the factory settings now please,reset settings
please reset the factory settings,reset settings
reset the factory settings if possible,reset settings
go ahead and reset your factory settings,reset settings
"you need to call the melt in lakewood for a table for at 2:00, monday, the first week in march",restaurant reservation
"hey computer, make a reservation for 2 for my parents at red lobster on wednseday next, 2:00pm if possible",restaurant reservation
"i think we should reserve dad's regular table friday for 6 people, use his name, make that close to 4:00 pm at the club",restaurant reservation
"listen i need to get a reservation for , me and teresa at georgetown cafe on tuesday at 7:00 pm",restaurant reservation
can you make me a reservation for 4 pm on the 22nd at ruth's,restaurant reservation
i need a reservation at 8 on the 22nd of november at ruth's,restaurant reservation
can i make a reservation for 6 pm on the 21st at sidetracks,restaurant reservation
please reserve me a table at hell's kitchen on may 3rd at 8 pm,restaurant reservation
please reserve me a table for 2 pm at maxwell's on the 14th,restaurant reservation
can you make a reservation for me at the restaurant,restaurant reservation
do people like the donuts at tgi,restaurant reviews
are the donuts at tgi well reviewed,restaurant reviews
how are the donuts reviews at tgi,restaurant reviews
what are the comments on the donuts at tgi,restaurant reviews
are people recommending the donuts at tgi,restaurant reviews
does outback steakhouse have good reviews,restaurant reviews
does pizza hut have good reviews,restaurant reviews
does have good reviews have great reviews,restaurant reviews
does red robin have good reviews,restaurant reviews
so does outback steakhouse have good reviews,restaurant reviews
can you suggest a restaurant for me to eat tonight,restaurant suggestion
tell me where to go since i want to eat out tonight,restaurant suggestion
"i'm craving for italian food, where should i go",restaurant suggestion
"suggest a restaurant for me to eat tonight, please",restaurant suggestion
"i'm not going to cook today, can you suggest a restaurant",restaurant suggestion
what restaurants are pet friendly near here,restaurant suggestion
what are the best restaurants,restaurant suggestion
what decent restaurants around here are italian,restaurant suggestion
do you know any good restaurants good for kids,restaurant suggestion
any good pizza restaurants around here,restaurant suggestion
how high are the rewards on my discover card,rewards balance
how many rewards do i now have on my hy-vee card,rewards balance
what's the current reward amount on my mastercard,rewards balance
what's my current reward balance on my amex card,rewards balance
what's my visa's current rewards balance,rewards balance
how many reward points have stacked up for my amex card,rewards balance
how many reward points do i have available to redeem on my visa,rewards balance
what's the current reward amount on my visa,rewards balance
what's the reward point count on my discover card,rewards balance
what is my american express card's rewards balance,rewards balance
will you roll a d20,roll dice
will you roll a 12 sided dice,roll dice
will you roll a 10 sided dice,roll dice
i'd like you to roll dice,roll dice
i'd like a 7 sided dice roll please,roll dice
i need to roll a 10 sided die,roll dice
please roll a 7 sided die,roll dice
let's roll some dice,roll dice
i want to roll some dice,roll dice
"can you roll a fair, 6 sided die",roll dice
ways to transfer my 401k,rollover 401k
where do i go the transfer my 401k,rollover 401k
"who do i go to, to transfer my 401k",rollover 401k
what are the ways i can transfer my 401k,rollover 401k
i need guidance on how to rollover my 401k,rollover 401k
walk me through the process of transferring my 401k,rollover 401k
i want to figure out how to rollover my 401k,rollover 401k
tell me if i am able to rollover my 401k,rollover 401k
i have to transfer my 401k but i don't know how to do it,rollover 401k
i want to rollover my 401k but dont know how,rollover 401k
where can i see the routing number for bmo,routing
i need to know what my wife's account's routing number is,routing
how do i locate my routing number for tax reasons,routing
where can i look up x's routing number,routing
please give my routing number for my national account,routing
where do i go to find my routing number for southpoint,routing
tell me my first national account's routing number,routing
how can i find my routing number for el dorado,routing
i need you to tell my what my routing number is for my first county account,routing
i need the routing number for my woodlawn account,routing
my car needs to be brought for maintenance,schedule maintenance
could you schedule car maintenance for me,schedule maintenance
i need someone to look at my car because my check engine light is on,schedule maintenance
locate someone to look at my car because my check engine light is on,schedule maintenance
i require a car maintenance,schedule maintenance
who is available to check why my check engine light is on,schedule maintenance
could you find someone to check out my car because the check engine light is on,schedule maintenance
i need to schedule car maintenance,schedule maintenance
please schedule car maintenance for me,schedule maintenance
who can i contact about why check engine light is on,schedule maintenance
i want to know if there is meeting room available at 8,schedule meeting
meeting room availability from 8:00 please,schedule meeting
are there any meetings room available between 8:00 and 9:00 am,schedule meeting
i want to check if there is any meeting room available between 8:00 and 10:00 am,schedule meeting
tell me how do i schedule a meeting,schedule meeting
show me how do i schedule a meeting,schedule meeting
i want to know how do i schedule a meeting,schedule meeting
meeting room availability at 8:00 please,schedule meeting
i want to find out how do i schedule a meeting,schedule meeting
do you know how do i schedule a meeting,schedule meeting
tell lydia and laura where i am located,share location
share my location with brad and terry,share location
tell john and sam where i am,share location
share my location with darren and stacey,share location
let cora and nancy know were i am now,share location
share my gps coordinates with my dad,share location
share my gps coordinates with kelly,share location
share my gps coordinates with my brother,share location
share my gps coordinates with my mother,share location
share my gps coordinates with jim,share location
would you let me know what is on my shopping list,shopping list
list out what is on my shopping list,shopping list
i need for you to tell me what is on my shopping list,shopping list
do you want me to shop for peanut butter,shopping list
do you want peanut butter for your lunches this week,shopping list
do you prefer peanut butter or cheese for your celery,shopping list
did i put bread on my shopping list,shopping list
i need to know the items on my shopping list,shopping list
can you tell me if i have paper towels on my shopping list,shopping list
does my shopping list include apples right now,shopping list
delete fries from shopping list,shopping list update
take off fries from the shopping list,shopping list update
please take away the fries from the shopping list,shopping list update
remove fries from my shopping list,shopping list update
we no longer need fries on the shopping lisr,shopping list update
"cross out bananas from my shopping list and put papayas on it, please",shopping list update
i need to delete tomatoes from my shopping list and add onions instead,shopping list update
can you add carrots to my shopping list and delete potatoes,shopping list update
please remove ginger ale from my shopping list and add root beer,shopping list update
"go ahead and erase cashews from my list, and add walnuts to it, please",shopping list update
can you please turn on my furnace,smart home
oven should be set to 350 now,smart home
what temp is the ac at,smart home
tell me who is by the garage door,smart home
set my oven to 350 please,smart home
make sure all doors are locked,smart home
make the lights dimmer please,smart home
"please, will you turn on my tv",smart home
turn lights on in my bedroom,smart home
turn the fan to the on position,smart home
what is the spelling of potato,spelling
spell potato,spelling
give me the spelling of potato,spelling
spell out potato,spelling
how do you spell tomato,spelling
can you spell water,spelling
how do you spell water,spelling
how is water spelled,spelling
water is spelled how,spelling
spell water,spelling
how much did i spend at restaurants last week,spending history
how much have i spent lately on eating out,spending history
what did i spend at the grocery store yesterday,spending history
how much money did i spend at starbucks in the last week,spending history
what was the total i spent at home depot last month,spending history
where did all my money go this month,spending history
what have my expenditures been at macys,spending history
how much did i spend this week,spending history
how much did i spend on christmas gifts in december,spending history
how much money did i spend yesterday,spending history
please link with my phone,sync device
please connect the device to my phone,sync device
please link up to my phone,sync device
could you link with my phone,sync device
please turn off your wifi from my phone,sync device
please remove your connection to my phone,sync device
please unlink my phone,sync device
please get off my phone connection,sync device
please desync my current mobile,sync device
i no longer want this phone to sync,sync device
how much are my state taxes,taxes
what will my state taxes cost,taxes
how much are taxes in my state,taxes
how much state taxes do i owe,taxes
tell me how much in tax on this,taxes
and what are the taxes,taxes
tell me what the tax amount is,taxes
what is the tax amount,taxes
how much are taxes on this,taxes
what is the amount of my federal taxes,taxes
"please, recite to me some good one liners",tell joke
do you know any good jokes about zebras,tell joke
can you tell me any truly funny knock knock jokes,tell joke
what do people find funny about food,tell joke
what are some funny things about food,tell joke
show me something funny about food,tell joke
indicate something funny on the topic of food,tell joke
what's a good joke,tell joke
i'd love to hear a joke,tell joke
can you tell a joke,tell joke
can you text elizabeth and tell them i forgot to bring drinks,text
text wenona and tell her we will be there tomorrow,text
text christopher and tell him i will stop by,text
text audrey and tell her i will be there soon,text
text christy and ask her what she wants for dinner,text
can you text christopher and tell them im on my way,text
text roderick and tell him im running late,text
can you text marissa and tell them to stop calling me,text
can you text arthur and tell them im almost there,text
can you text kayla and tell them im running late,text
"you have been a big help, thank you so much",thank you
"i appreciate your help, thank you",thank you
"i really appreciate your help, thank you",thank you
i am very grateful,thank you
i appreciate the assistance,thank you
i want to thank you for helping,thank you
much obliged,thank you
your help is appreciated,thank you
gracias,thank you
i appreciate that,thank you
"what time is it in punta gorda, florida",time
"what time is it in glenwood springs, co",time
"what time is it in fredericksburg, tx",time
"what time is it in las vegas, nv",time
"what time is it in houston, tx",time
i need to know the current time in the central timezone,time
would you tell me the current time in the eastern timezone,time
let me know the current time in the central timezone,time
tell me what time it is in the central timezone,time
i am needing to know the current time in the eastern timezone,time
please set a 4 minute timer,timer
please set a timer for 6 minutes,timer
set a timer for 5 minutes,timer
i need a 7 minute timer,timer
i need to set the timer for two minutes,timer
can you set a timer for me for fifteen minutes starting now,timer
start the timer now and stop at thirty minutes,timer
i would like you to set the timer to go off in ten minutes,timer
please set a timer for 40 minutes,timer
wake me in an hour,timer
timezone of cuba,timezone
what is the time zone of france,timezone
french time zone,timezone
which timezone is colombia,timezone
time zone in france,timezone
do you know what timezone italy is in,timezone
italy's timezone is what,timezone
the timezone of italy is what,timezone
italy is in what timezone,timezone
for italy what timezone is it in,timezone
tell me the status of my tires and when i need to replace them,tire change
how many more miles can i drive before changing my tires,tire change
how many miles can i drive before changing my tires,tire change
when will my tires need to be replaced,tire change
how is the tread on my tires,tire change
when should i replace my tires next if i last replaced them on july 15th,tire change
when are my tires due to be changed,tire change
what date should i get my tires changed,tire change
my tires need to be changed when,tire change
how often do tires need changing,tire change
how's the air pressure in my tires,tire pressure
what's my tires current air pressure,tire pressure
what's the amount of air in my tires right now,tire pressure
are my tire's air pressure good enough to drive on,tire pressure
what's the inflation of my tires,tire pressure
what's the current psi for my tires,tire pressure
how low is the pressure in my tires,tire pressure
what's the current tire pressure of my tires,tire pressure
is the air pressure in my tires low,tire pressure
what's my current tire pressure,tire pressure
what are the things that i have for today,todo list
what is left to do today,todo list
what do i have to do today,todo list
"the tasks for today, what are they",todo list
i need to know what my to-do list is looking like,todo list
is cleaning the kitchen coming up on my list of things i have to do today,todo list
do i have cleaning the counters on my to-do list,todo list
is cleaning the toilet on my to-do list,todo list
tell me what is on the list of things to do,todo list
tell me what is on my to do list,todo list
i need to add the chore of vacuuming to my task list,todo list update
put wash the counters down on my list of pending tasks,todo list update
take doing the dishes off my todo list,todo list update
blank out my todo list,todo list update
erase all items on my todo list,todo list update
delete everything on my todo list,todo list update
add clean bathroom to my to do list,todo list update
go ahead and take cleaning the bathroom off my todo list,todo list update
you can remove vacuuming off the todo list,todo list update
make my todo list blank,todo list update
is there any traffic congestion on my way to the closest whole foods,traffic
how bad is traffic to the closet atm machine,traffic
is traffic bad on my way to the next mcdonalds,traffic
what will traffic be like at 5:00 going towards the mall,traffic
is the traffic bad at 5:00 if i'm going to the mall,traffic
"will i be able to get to the mall at 5:00, or will there be a lot of traffic",traffic
"if i'm heading to the mall at 5:00, what will the traffic be like",traffic
i'm going to the mall at 5:00 what will traffic be like,traffic
what is the traffic like on the way to north shore,traffic
what is the traffic like on the way to makaha,traffic
before i make my mastercard payment can you tell me what i've recently charged on it,transactions
please tell me all of my recent transactions,transactions
i want to pay my amazon credit card but i need to know the last few transactions,transactions
before i pay my walmart credit card did i make any purchases using it recently,transactions
i need to know all the recent transactions i've made,transactions
please tell me all the transactions i've made recently,transactions
what are the last ten transactions i've made,transactions
"before i pay my capital one, what are the most recent transactions i've made",transactions
tell me the most recent charges on my chase credit card before i pay the bill,transactions
read off to me the last five transactions i've made,transactions
i need $20000 transferred from my savings to my checking,transfer
complete a transaction from savings to checking of $20000,transfer
transfer $20000 from my savings account to checking account,transfer
take $20000 from savings and put it in checking,transfer
put $20000 into my checking account from my savings account,transfer
send 100 dollars between bank of the west and bank of america acccounts,transfer
send 50 dollars between bank of america and chase accounts,transfer
send 2000 dollars between chase and rabobank accounts,transfer
send 1200 dollars between usaa and navy federal accounts,transfer
send 400 dollars between city bank and usaa accounts,transfer
what expression would i use to say i love you if i were an italian,translate
"can you tell me how to say 'i do not speak much spanish', in spanish",translate
"what is the equivalent of, 'life is good' in french",translate
"tell me how to say, 'it is a beautiful morning' in italian",translate
"if i were mongolian, how would i say that i am a tourist",translate
how do i say 'hotel' in finnish,translate
"i need you to translate the sentence, 'we will be there soon' into portuguese",translate
please tell me how to ask for a taxi in french,translate
"can you tell me how i would say, 'more bread please' in french",translate
what is the correct way to say 'i am a visitor' in french,translate
does ireland have any travel alerts i should be aware of,travel alert
does north korea have any travel alerts i should be aware of,travel alert
are there any travel alerts for russia,travel alert
does spain have any travel alerts i should be aware of,travel alert
are there any travel alerts for north korea,travel alert
does macedonia have any travel alerts i should be aware of,travel alert
are there any travel alerts for syria,travel alert
are there any travel alerts for ukraine,travel alert
does myanmar have any travel alerts i should be aware of,travel alert
are there any travel alerts for china,travel alert
im going to be in canada from august 10th until august 12th,travel notification
im going to be in slovakia from january 16th until january 19th,travel notification
im going to be in paraguay from january 7th until january 10th,travel notification
i'm going to be in thailand from october 15th until october 23rd,travel notification
im going to be in jamaica from october 4th until october 8th,travel notification
my bank needs to know i am going to be out of the country,travel notification
i am going out of country and my bank needs to be notified,travel notification
i need to inform the bank i am going out of country,travel notification
i am going out of country and need to inform my bank,travel notification
tell the bank i'm traveling between denver and la,travel notification
can you give me some suggestions to go site seeing when i get there,travel suggestion
can you get me any recommendations for the place i'm traveling to,travel suggestion
please suggest some fun tourist activities in tokyo,travel suggestion
i need help with some fun tourist things to do in tokyo,travel suggestion
could you tell me what fun tourist things i could do in tokyo,travel suggestion
what should i do for fun in tokyo,travel suggestion
what do tourists do in tokyo,travel suggestion
what sites are there to see when in evans,travel suggestion
what can i do in evans,travel suggestion
name some things i should do while in evans,travel suggestion
book an uber for 6 people to go to the movies,uber
i need an uber for 6 people to the movies,uber
book a 6 person uber to the movies,uber
i need an uber to the movies for me and 5 other people,uber
i'm going to the movies book an uber for 6 people,uber
i need an uber to take me to the mall,uber
are there any ubers available that fit 5 people we are going to wendys,uber
call an uber that fits 5 people that are on their way to wendys,uber
book an uber suitable for seating 5 individuals and headed for the mall,uber
book me an uber to olive garden,uber
insert what i am listening to into my jazz playlist,update playlist
add this tune to my jazz playlist,update playlist
can you add this song to my jazz playlist,update playlist
please add this song to my jazz playlist,update playlist
add this song to my jazz playlist,update playlist
add creep by radio head to the playlist,update playlist
please add someday by the strokes to my playlist,update playlist
include smooth operator by sade in my playlist,update playlist
can you put smooth operator by sade on my playlist,update playlist
add to my playlist smooth operator by sade,update playlist
you refer to me as what,user name
by what name do you refer to me,user name
what name do you use when addressing me,user name
is there a name that you call me,user name
how do you usually refer to me,user name
what is the name you call me saved as,user name
"regarding my name, whats it saved as",user name
what name do you have saved for me,user name
whats my name saved under,user name
what is my first name saved as,user name
are there any specific shots i should get before traveling to england,vaccines
what are the recommended shots to get before i travel to south korea,vaccines
what are the recommended shots to get before i travel to england,vaccines
are there recommendations to get any specific shots before i travel to germany,vaccines
do i need certain shots before flying to eithiopia,vaccines
what type of specific shots should i get before flying to south korea,vaccines
are there specific shots i need before traveling to japan,vaccines
is it recommended to get specific shots before i travel to japan,vaccines
do i need specific shots before traveling to germany,vaccines
is it recommended to get any shots before i travel to africa,vaccines
where can i locate my w2 so i can do my taxes,w2
where is the w-2 form located,w2
where can i locate my w-2 form,w2
where can one receive their w-2 form,w2
what is the location of my w2 that is needed for taxes,w2
where would my w2 be found so i can do my taxes,w2
i need to find my w2 so i can do taxes,w2
where are w-2 forms given,w2
i require my w2 for taxes and need to locate it,w2
where do i get the form i need for taxes,w2
what are the conditions like in orlando,weather
what's the temperature like in tampa,weather
what's the forecast like for pittsburgh,weather
what are the conditions like in sarasota,weather
what's the climate like in chicago,weather
what will the temperature be tomorrow,weather
will it rain today,weather
will it freeze tonight,weather
give me the 7 day forecast,weather
is it hot outside,weather
what kinds of things are you into,what are your hobbies
what's your favorite hobby,what are your hobbies
what do you like to do in your spare time,what are your hobbies
what do you do for fun,what are your hobbies
do you have any hobbies,what are your hobbies
do you have any past-times,what are your hobbies
what are your favorite hobbies to take part in,what are your hobbies
what things do you like to do,what are your hobbies
what are your favorite hobbies,what are your hobbies
what are your favorite things to do,what are your hobbies
what things can you help me with exactly,what can i ask you
what are the things you can help me with,what can i ask you
what exactly can you help me with,what can i ask you
what can you help me with exactly,what can i ask you
what can you help me with,what can i ask you
what kinds of questions can you answer,what can i ask you
tell me the subject areas you are familiar with,what can i ask you
what sorts of subjects are you well versed in,what can i ask you
what are the subject areas you are knowledgable in,what can i ask you
what kinds of things are you knowledgable about,what can i ask you
what's your full name,what is your name
i didn't get your name,what is your name
what's should i call you by,what is your name
can you tell me the ai's name,what is your name
what is the ai's name,what is your name
does the ai have a name,what is your name
i'd like to know what to call you,what is your name
what name do you prefer,what is your name
do you have a preference regarding what i should call you,what is your name
do you have a name i can use,what is your name
which song is playing,what song
what's this song called,what song
what song is this,what song
what's the name of this song,what song
what is this song,what song
can you tell me what song this is,what song
which song is this,what song
can you look up the name of this song,what song
i'd like to know what this song is,what song
can you tell me the name of this song,what song
where is your place of origin,where are you from
what is your place of origin,where are you from
what is your country of origin,where are you from
where is your country of origin,where are you from
what is your nationality,where are you from
tell me where you're made,where are you from
tell me how you're made,where are you from
what town were you born in,where are you from
what country were you born in,where are you from
where's your birthplace,where are you from
change to whisper mode,whisper mode
change mode to whisper,whisper mode
whisper mode off,whisper mode
change out of whisper mode,whisper mode
turn off whisper mode,whisper mode
activate whisper mode,whisper mode
whisper mode activate,whisper mode
can you please lower the volume please,whisper mode
use your indoor voice please,whisper mode
whisper for me,whisper mode
who is your employeer,who do you work for
who is the boss of you,who do you work for
i gotta know who is your boss,who do you work for
tell me who is your boss,who do you work for
let me know who is your boss,who do you work for
i wanna know who is your boss,who do you work for
i need to know who is your boss,who do you work for
what is the name of your boss,who do you work for
what is the full name of your boss,who do you work for
do you know the name of your boss,who do you work for
who formed you,who made you
who constructed you,who made you
what's your design company,who made you
what company coded you,who made you
who fabricated you,who made you
what company wrote your code,who made you
what company owns your code,who made you
who brought you up,who made you
who is it that programmed you,who made you
whats it like to be programmed,who made you
yep,yes
that is affirmative,yes
what you just said is true,yes
that is not false,yes
that is a fact,yes
i agree with the truth of what you just said,yes
i believe what you just said is true,yes
that would be great,yes
that would be awesome,yes
that is totally true,yes
